{
    "dataset1": {
        "precision_testcase": 0.0356111645813282,
        "recall_testcase": 0.018338727076591153,
        "f1_testcase": 0.024209999615103343
    }
}