{
    "dataset5": {
        "precision_testcase": 0.06358381502890173,
        "recall_testcase": 0.07127429805615551,
        "f1_testcase": 0.06720977596741344
    }
}