{
    "dataset6": {
        "precision_testcase": 0.13343799058084774,
        "recall_testcase": 0.1264705882352941,
        "f1_testcase": 0.12986090138743317
    }
}