{
    "dataset3": {
        "precision_testcase": 0.012453300124533,
        "recall_testcase": 0.006578947368421052,
        "f1_testcase": 0.008609556607834697
    }
}