{
    "dataset2": {
        "precision_testcase": 0.01721763085399449,
        "recall_testcase": 0.010238907849829351,
        "f1_testcase": 0.012841366321376594
    }
}