{
    "dataset4": {
        "precision_testcase": 0.08137044967880086,
        "recall_testcase": 0.08504398826979472,
        "f1_testcase": 0.08316667295573753
    }
}