{
    "dataset1": {
        "precision_testcase": 0.010587102983638113,
        "recall_testcase": 0.005393743257820928,
        "f1_testcase": 0.007146569646569648
    }
}