{
    "dataset4": {
        "precision_testcase": 0.22376873661670235,
        "recall_testcase": 0.07771260997067449,
        "f1_testcase": 0.11536138304519891
    }
}