{
    "dataset2": {
        "precision_testcase": 0.003443526170798898,
        "recall_testcase": 0.004095563139931741,
        "f1_testcase": 0.0037413481324437238
    }
}