{
    "dataset5": {
        "precision_testcase": 0.12799339388934763,
        "recall_testcase": 0.07127429805615551,
        "f1_testcase": 0.0915616497207504
    }
}