{
    "dataset5": {
        "precision_testcase": 0.02559867877786953,
        "recall_testcase": 0.0251979841612671,
        "f1_testcase": 0.025396751088432187
    }
}