{
    "dataset2": {
        "precision_testcase": 0.004132231404958678,
        "recall_testcase": 0.004095563139931741,
        "f1_testcase": 0.004113815563935551
    }
}