{
    "dataset4": {
        "precision_testcase": 0.04068522483940043,
        "recall_testcase": 0.06598240469208211,
        "f1_testcase": 0.05033408883525153
    }
}