{
    "dataset3": {
        "precision_testcase": 0.007471980074719801,
        "recall_testcase": 0.006578947368421052,
        "f1_testcase": 0.006997084548104957
    }
}