{
    "dataset6": {
        "precision_testcase": 0.1726844583987441,
        "recall_testcase": 0.10294117647058823,
        "f1_testcase": 0.1289890275567468
    }
}