{
    "dataset1": {
        "precision_testcase": 0.04716073147256978,
        "recall_testcase": 0.005393743257820928,
        "f1_testcase": 0.00968035086332925
    }
}