{
    "dataset2": {
        "precision_testcase": 0.0048209366391184574,
        "recall_testcase": 0.0034129692832764505,
        "f1_testcase": 0.003996574364830145
    }
}