{
    "dataset1": {
        "precision_testcase": 0.016361886429258902,
        "recall_testcase": 0.007551240560949299,
        "f1_testcase": 0.01033344911427579
    }
}