{
    "dataset2": {
        "precision_testcase": 0.06542699724517906,
        "recall_testcase": 0.021160409556313993,
        "f1_testcase": 0.031978369808944175
    }
}