{
    "dataset3": {
        "precision_testcase": 0.031133250311332503,
        "recall_testcase": 0.018796992481203006,
        "f1_testcase": 0.02344116268166901
    }
}