{
    "dataset4": {
        "precision_testcase": 0.2580299785867238,
        "recall_testcase": 0.12903225806451613,
        "f1_testcase": 0.1720353350584456
    }
}