{
    "dataset6": {
        "precision_testcase": 0.24332810047095763,
        "recall_testcase": 0.14705882352941177,
        "f1_testcase": 0.18332347723240686
    }
}