{
    "dataset4": {
        "precision_testcase": 0.25374732334047106,
        "recall_testcase": 0.12023460410557185,
        "f1_testcase": 0.16315873428986408
    }
}