{
    "dataset4": {
        "precision_testcase": 0.15203426124197003,
        "recall_testcase": 0.06451612903225806,
        "f1_testcase": 0.09059011164274322
    }
}