{
    "dataset1": {
        "precision_testcase": 0.0875842155919153,
        "recall_testcase": 0.040992448759439054,
        "f1_testcase": 0.05584670418850282
    }
}