{
    "dataset1": {
        "precision_testcase": 0.03368623676612127,
        "recall_testcase": 0.018338727076591153,
        "f1_testcase": 0.023748702801947796
    }
}