{
    "dataset3": {
        "precision_testcase": 0.0062266500622665,
        "recall_testcase": 0.011748120300751879,
        "f1_testcase": 0.008139345596614032
    }
}