{
    "dataset5": {
        "precision_testcase": 0.06440957886044592,
        "recall_testcase": 0.06551475881929446,
        "f1_testcase": 0.06495746832431147
    }
}