{
    "dataset2": {
        "precision_testcase": 0.06542699724517906,
        "recall_testcase": 0.022525597269624574,
        "f1_testcase": 0.033513103249220966
    }
}