{
    "dataset5": {
        "precision_testcase": 0.1610239471511148,
        "recall_testcase": 0.11159107271418287,
        "f1_testcase": 0.13182571528262385
    }
}