{
    "dataset1": {
        "precision_testcase": 0.0875842155919153,
        "recall_testcase": 0.039913700107874865,
        "f1_testcase": 0.0548371335504886
    }
}