{
    "dataset4": {
        "precision_testcase": 0.25910064239828695,
        "recall_testcase": 0.12756598240469208,
        "f1_testcase": 0.17096085293663876
    }
}