{
    "dataset5": {
        "precision_testcase": 0.03963666391412056,
        "recall_testcase": 0.05183585313174946,
        "f1_testcase": 0.044922788956481045
    }
}