{
    "dataset2": {
        "precision_testcase": 0.01997245179063361,
        "recall_testcase": 0.016382252559726963,
        "f1_testcase": 0.01800007758654132
    }
}