{
    "dataset6": {
        "precision_testcase": 0.18524332810047095,
        "recall_testcase": 0.13725490196078433,
        "f1_testcase": 0.1576787248258089
    }
}