{
    "dataset4": {
        "precision_testcase": 0.2259100642398287,
        "recall_testcase": 0.12756598240469208,
        "f1_testcase": 0.16305738141765855
    }
}