{
    "dataset1": {
        "precision_testcase": 0.05582290664100096,
        "recall_testcase": 0.005393743257820928,
        "f1_testcase": 0.009837010905513813
    }
}