{
    "dataset4": {
        "precision_testcase": 0.013918629550321198,
        "recall_testcase": 0.060117302052785926,
        "f1_testcase": 0.0226039016115352
    }
}