{
    "dataset2": {
        "precision_testcase": 0.0013774104683195593,
        "recall_testcase": 0.0013651877133105802,
        "f1_testcase": 0.0013712718546451835
    }
}