{
    "dataset1": {
        "precision_testcase": 0.0038498556304138597,
        "recall_testcase": 0.004314994606256742,
        "f1_testcase": 0.004069175991861648
    }
}