{
    "dataset5": {
        "precision_testcase": 0.009083402146985962,
        "recall_testcase": 0.019438444924406047,
        "f1_testcase": 0.012381190595297648
    }
}