{
    "dataset4": {
        "precision_testcase": 0.18700787401574803,
        "recall_testcase": 0.46187683284457476,
        "f1_testcase": 0.26622481206352033
    }
}