{
    "dataset5": {
        "precision_testcase": 0.31724137931034485,
        "recall_testcase": 0.6846652267818575,
        "f1_testcase": 0.43358161247639865
    }
}