{
    "dataset5": {
        "precision_testcase": 0.6006646358349488,
        "recall_testcase": 0.8668106551475881,
        "f1_testcase": 0.7096030982074987
    }
}