{
    "dataset3": {
        "precision_testcase": 0.09682299546142209,
        "recall_testcase": 0.3482142857142857,
        "f1_testcase": 0.1515160712659726
    }
}