{
    "dataset2": {
        "precision_testcase": 0.06448763250883392,
        "recall_testcase": 0.021843003412969283,
        "f1_testcase": 0.032632762679071586
    }
}