{
    "dataset4": {
        "precision_testcase": 0.16838487972508592,
        "recall_testcase": 0.46187683284457476,
        "f1_testcase": 0.2467961273714254
    }
}