{
    "dataset1": {
        "precision_testcase": 0.8090103966114748,
        "recall_testcase": 0.6968716289104638,
        "f1_testcase": 0.748765684611627
    }
}