{
    "dataset4": {
        "precision_testcase": 0.38509316770186336,
        "recall_testcase": 0.4838709677419355,
        "f1_testcase": 0.4288678810237491
    }
}