{
    "dataset6": {
        "precision_testcase": 0.22419928825622776,
        "recall_testcase": 0.36470588235294116,
        "f1_testcase": 0.27769088582397267
    }
}