{
    "dataset2": {
        "precision_testcase": 0.4774735934468636,
        "recall_testcase": 0.6245733788395904,
        "f1_testcase": 0.5412061428689687
    }
}