{
    "dataset5": {
        "precision_testcase": 0.482421875,
        "recall_testcase": 0.6853851691864651,
        "f1_testcase": 0.5662661482684673
    }
}