{
    "dataset5": {
        "precision_testcase": 0.7766488413547237,
        "recall_testcase": 0.896328293736501,
        "f1_testcase": 0.8322078242461466
    }
}