{
    "dataset1": {
        "precision_testcase": 0.6018991964937911,
        "recall_testcase": 0.7594390507011867,
        "f1_testcase": 0.6715535324816049
    }
}