{
    "dataset6": {
        "precision_testcase": 0.24332810047095763,
        "recall_testcase": 0.39705882352941174,
        "f1_testcase": 0.30174123075813836
    }
}