{
    "dataset5": {
        "precision_testcase": 0.16515276630883569,
        "recall_testcase": 0.4190064794816415,
        "f1_testcase": 0.2369219684063334
    }
}