{
    "dataset1": {
        "precision_testcase": 0.13636363636363635,
        "recall_testcase": 0.727076591154261,
        "f1_testcase": 0.22965528990856945
    }
}