{
    "dataset4": {
        "precision_testcase": 0.29161451814768463,
        "recall_testcase": 0.46920821114369504,
        "f1_testcase": 0.3596841186147145
    }
}