{
    "dataset3": {
        "precision_testcase": 0.09180790960451977,
        "recall_testcase": 0.5244360902255639,
        "f1_testcase": 0.15626077066243882
    }
}