{
    "dataset4": {
        "precision_testcase": 0.6206346038714827,
        "recall_testcase": 0.8548387096774194,
        "f1_testcase": 0.7191488711897611
    }
}