{
    "dataset2": {
        "precision_testcase": 0.07231404958677685,
        "recall_testcase": 0.17474402730375427,
        "f1_testcase": 0.1022953664537416
    }
}