{
    "dataset2": {
        "precision_testcase": 0.42197000405350626,
        "recall_testcase": 0.6860068259385665,
        "f1_testcase": 0.5225277195085406
    }
}