{
    "dataset2": {
        "precision_testcase": 0.13428571428571429,
        "recall_testcase": 0.5235494880546075,
        "f1_testcase": 0.21374720208713183
    }
}