{
    "dataset6": {
        "precision_testcase": 0.5721338453099287,
        "recall_testcase": 0.6558823529411765,
        "f1_testcase": 0.6111523499341128
    }
}