{
    "dataset1": {
        "precision_testcase": 0.9472361809045227,
        "recall_testcase": 0.9298813376483279,
        "f1_testcase": 0.9384785323909293
    }
}