{
    "dataset3": {
        "precision_testcase": 0.9822309970384995,
        "recall_testcase": 0.9962406015037594,
        "f1_testcase": 0.9891861980998471
    }
}