{
    "dataset2": {
        "precision_testcase": 0.8523489932885906,
        "recall_testcase": 0.8505119453924914,
        "f1_testcase": 0.8514294784360884
    }
}