{
    "dataset5": {
        "precision_testcase": 0.9416498993963782,
        "recall_testcase": 0.9798416126709864,
        "f1_testcase": 0.9603662053165207
    }
}