{
    "dataset6": {
        "precision_testcase": 0.3,
        "recall_testcase": 0.7137254901960784,
        "f1_testcase": 0.4224371373307544
    }
}