{
    "dataset1": {
        "precision_testcase": 0.26126126126126126,
        "recall_testcase": 0.889967637540453,
        "f1_testcase": 0.40394063718786405
    }
}