{
    "dataset3": {
        "precision_testcase": 0.26049618320610685,
        "recall_testcase": 0.9046052631578947,
        "f1_testcase": 0.40450764025086744
    }
}