{
    "dataset4": {
        "precision_testcase": 0.06262230919765166,
        "recall_testcase": 0.7903225806451613,
        "f1_testcase": 0.1160492913444103
    }
}