{
    "dataset6": {
        "precision_testcase": 0.19583333333333333,
        "recall_testcase": 0.707843137254902,
        "f1_testcase": 0.306789621191574
    }
}