{
    "dataset2": {
        "precision_testcase": 0.020134228187919462,
        "recall_testcase": 0.7535836177474403,
        "f1_testcase": 0.03922056237454927
    }
}