{
    "dataset1": {
        "precision_testcase": 0.0518018018018018,
        "recall_testcase": 0.8381877022653722,
        "f1_testcase": 0.09757336019590018
    }
}