{
    "dataset5": {
        "precision_testcase": 0.29082774049217003,
        "recall_testcase": 0.9172066234701224,
        "f1_testcase": 0.44162506932889634
    }
}