{
    "dataset2": {
        "precision_testcase": 0.0022371364653243847,
        "recall_testcase": 0.5924914675767918,
        "f1_testcase": 0.004457442465355965
    }
}