{
    "dataset3": {
        "precision_testcase": 0.18893129770992367,
        "recall_testcase": 0.8087406015037594,
        "f1_testcase": 0.3063059337909312
    }
}