{
    "dataset1": {
        "precision_testcase": 0.0022522522522522522,
        "recall_testcase": 0.7022653721682848,
        "f1_testcase": 0.004490104182832076
    }
}