{
    "dataset5": {
        "precision_testcase": 0.1185682326621924,
        "recall_testcase": 0.8876889848812095,
        "f1_testcase": 0.20919445298094655
    }
}