{
    "dataset2": {
        "precision_testcase": 0.13646532438478748,
        "recall_testcase": 0.7870307167235495,
        "f1_testcase": 0.23259959388579857
    }
}