{
    "dataset3": {
        "precision_testcase": 0.808206106870229,
        "recall_testcase": 0.9412593984962406,
        "f1_testcase": 0.8696731563784742
    }
}