{
    "dataset5": {
        "precision_testcase": 0.7181208053691275,
        "recall_testcase": 0.9632829373650108,
        "f1_testcase": 0.8228285701969913
    }
}