{
    "dataset6": {
        "precision_testcase": 0.7208333333333333,
        "recall_testcase": 0.8735294117647059,
        "f1_testcase": 0.789869331283628
    }
}