{
    "dataset2": {
        "precision_testcase": 0.21252796420581654,
        "recall_testcase": 0.81160409556314,
        "f1_testcase": 0.3368482892920087
    }
}