{
    "dataset1": {
        "precision_testcase": 0.8288288288288288,
        "recall_testcase": 0.9622437971952535,
        "f1_testcase": 0.8905673481790163
    }
}