{
    "dataset6": {
        "precision_testcase": 0.6902777777777778,
        "recall_testcase": 0.8696078431372549,
        "f1_testcase": 0.7696345955760401
    }
}