{
    "dataset4": {
        "precision_testcase": 0.6575342465753424,
        "recall_testcase": 0.9325513196480938,
        "f1_testcase": 0.7712596634834015
    }
}