{
    "dataset3": {
        "precision_testcase": 0.8520992366412213,
        "recall_testcase": 0.8233082706766918,
        "f1_testcase": 0.8374563751204368
    }
}