{
    "dataset4": {
        "precision_testcase": 0.2700587084148728,
        "recall_testcase": 0.9457478005865103,
        "f1_testcase": 0.42014486289003594
    }
}