{
    "dataset3": {
        "precision_testcase": 0.8482824427480916,
        "recall_testcase": 0.9445488721804511,
        "f1_testcase": 0.8938311350503416
    }
}