{
    "dataset5": {
        "precision_testcase": 0.7762863534675615,
        "recall_testcase": 0.9733621310295176,
        "f1_testcase": 0.8637251950839848
    }
}