{
    "dataset4": {
        "precision_testcase": 0.22700587084148727,
        "recall_testcase": 0.9428152492668622,
        "f1_testcase": 0.3659099549897592
    }
}