{
    "dataset1": {
        "precision_testcase": 0.6238738738738738,
        "recall_testcase": 0.9363538295577131,
        "f1_testcase": 0.7488223541704624
    }
}