{
    "dataset3": {
        "precision_testcase": 0.825381679389313,
        "recall_testcase": 0.9031954887218046,
        "f1_testcase": 0.8625371467941694
    }
}