{
    "dataset6": {
        "precision_testcase": 0.25277777777777777,
        "recall_testcase": 0.7166666666666667,
        "f1_testcase": 0.3737344794651385
    }
}