{
    "dataset5": {
        "precision_testcase": 0.6756152125279642,
        "recall_testcase": 0.9683225341972642,
        "f1_testcase": 0.7959102296185042
    }
}