{
    "dataset1": {
        "precision_testcase": 0.22297297297297297,
        "recall_testcase": 0.8932038834951457,
        "f1_testcase": 0.35686159271231266
    }
}