{
    "dataset2": {
        "precision_testcase": 0.21700223713646533,
        "recall_testcase": 0.8252559726962457,
        "f1_testcase": 0.3436430446809508
    }
}