{
    "dataset4": {
        "precision_testcase": 0.033268101761252444,
        "recall_testcase": 0.7360703812316716,
        "f1_testcase": 0.06365901326291605
    }
}