{
    "dataset6": {
        "precision_testcase": 0.12638888888888888,
        "recall_testcase": 0.6333333333333333,
        "f1_testcase": 0.21072516758074344
    }
}