{
    "dataset4": {
        "precision_testcase": 0.09024390243902439,
        "recall_testcase": 0.43385490753911804,
        "f1_testcase": 0.14940984105758603
    }
}