{
    "dataset2": {
        "precision_testcase": 0.1307901907356948,
        "recall_testcase": 0.4411487758945386,
        "f1_testcase": 0.2017625512806422
    }
}