{
    "dataset4": {
        "precision_testcase": 0.9619651347068146,
        "recall_testcase": 0.7041251778093883,
        "f1_testcase": 0.8130938238262889
    }
}