{
    "dataset5": {
        "precision_testcase": 0.9396771452846219,
        "recall_testcase": 0.9122807017543859,
        "f1_testcase": 0.9257762825362585
    }
}