{
    "dataset3": {
        "precision_testcase": 0.9006034788782392,
        "recall_testcase": 0.8780332056194126,
        "f1_testcase": 0.8891751378385553
    }
}