{
    "dataset1": {
        "precision_testcase": 0.7787234042553192,
        "recall_testcase": 0.8993630573248408,
        "f1_testcase": 0.8347067659457627
    }
}