{
    "dataset4": {
        "precision_testcase": 0.03314917127071823,
        "recall_testcase": 0.44950213371266,
        "f1_testcase": 0.061744879017813524
    }
}