{
    "dataset1": {
        "precision_testcase": 0.004784688995215311,
        "recall_testcase": 0.07388535031847134,
        "f1_testcase": 0.008987371193925777
    }
}