{
    "dataset2": {
        "precision_testcase": 0.12669126691266913,
        "recall_testcase": 0.4510357815442561,
        "f1_testcase": 0.19781761902757147
    }
}