{
    "dataset4": {
        "precision_testcase": 0.03225806451612903,
        "recall_testcase": 0.30440967283072545,
        "f1_testcase": 0.05833446912907182
    }
}