{
    "dataset5": {
        "precision_testcase": 0.09547738693467336,
        "recall_testcase": 0.5537757437070938,
        "f1_testcase": 0.16287348789429873
    }
}