{
    "dataset2": {
        "precision_testcase": 0.9576719576719577,
        "recall_testcase": 0.7984934086629002,
        "f1_testcase": 0.8708687240066498
    }
}