{
    "dataset2": {
        "precision_testcase": 0.48383677795442503,
        "recall_testcase": 0.6271186440677966,
        "f1_testcase": 0.5462380544281487
    }
}