{
    "dataset3": {
        "precision_testcase": 0.5784130376703179,
        "recall_testcase": 0.6111111111111112,
        "f1_testcase": 0.5943126661093296
    }
}