{
    "dataset4": {
        "precision_testcase": 0.6961538461538461,
        "recall_testcase": 0.7823613086770982,
        "f1_testcase": 0.7367443375036542
    }
}