{
    "dataset2": {
        "precision_testcase": 0.952925353059852,
        "recall_testcase": 0.9378531073446328,
        "f1_testcase": 0.9453291563766575
    }
}