{
    "dataset2": {
        "precision_testcase": 0.9390567037625861,
        "recall_testcase": 0.8361581920903954,
        "f1_testcase": 0.8846252445523847
    }
}