{
    "dataset2": {
        "precision_testcase": 0.785137861466039,
        "recall_testcase": 0.908662900188324,
        "f1_testcase": 0.8423961807061358
    }
}