{
    "dataset1": {
        "precision_testcase": 0.9493996569468267,
        "recall_testcase": 0.9713375796178344,
        "f1_testcase": 0.9602433350207898
    }
}