{
    "dataset1": {
        "precision_testcase": 0.5770277626565051,
        "recall_testcase": 0.8904458598726115,
        "f1_testcase": 0.70026741796355
    }
}