{
    "dataset5": {
        "precision_testcase": 0.594306049822064,
        "recall_testcase": 0.555301296720061,
        "f1_testcase": 0.574141981794784
    }
}