{
    "dataset2": {
        "precision_testcase": 0.49122807017543857,
        "recall_testcase": 0.1699623352165725,
        "f1_testcase": 0.25254531599395375
    }
}