{
    "dataset3": {
        "precision_testcase": 0.23255813953488372,
        "recall_testcase": 0.3384418901660281,
        "f1_testcase": 0.27568270481144347
    }
}