{
    "dataset6": {
        "precision_testcase": 0.10434782608695652,
        "recall_testcase": 0.3323529411764706,
        "f1_testcase": 0.15882869692532942
    }
}