{
    "dataset2": {
        "precision_testcase": 0.06750496360026473,
        "recall_testcase": 0.2197952218430034,
        "f1_testcase": 0.10328756611926311
    }
}