{
    "dataset2": {
        "precision_testcase": 0.9074829931972789,
        "recall_testcase": 0.9153583617747441,
        "f1_testcase": 0.9114036651908763
    }
}