{
    "dataset1": {
        "precision_testcase": 0.8373831775700935,
        "recall_testcase": 0.9633225458468176,
        "f1_testcase": 0.8959488315896853
    }
}