{
    "dataset5": {
        "precision_testcase": 0.3774703557312253,
        "recall_testcase": 0.5687544996400288,
        "f1_testcase": 0.45377789873977314
    }
}