{
    "dataset3": {
        "precision_testcase": 0.22933884297520662,
        "recall_testcase": 0.42293233082706766,
        "f1_testcase": 0.29740640182909406
    }
}