{
    "dataset3": {
        "precision_testcase": 0.031133250311332503,
        "recall_testcase": 0.23778195488721804,
        "f1_testcase": 0.05505769088479667
    }
}