{
    "dataset1": {
        "precision_testcase": 0.0904716073147257,
        "recall_testcase": 0.48975188781014023,
        "f1_testcase": 0.152729563169686
    }
}