{
    "dataset5": {
        "precision_testcase": 0.6121863799283154,
        "recall_testcase": 0.8768898488120951,
        "f1_testcase": 0.7210108008966781
    }
}