{
    "dataset1": {
        "precision_testcase": 0.8033240997229917,
        "recall_testcase": 0.7022653721682848,
        "f1_testcase": 0.7494030854972105
    }
}