{
    "dataset6": {
        "precision_testcase": 0.8367144977733795,
        "recall_testcase": 0.4176470588235294,
        "f1_testcase": 0.557178027710164
    }
}