{
    "dataset4": {
        "precision_testcase": 0.6433566433566433,
        "recall_testcase": 0.9853372434017595,
        "f1_testcase": 0.778443716947872
    }
}