{
    "dataset1": {
        "precision_testcase": 0.6599099099099099,
        "recall_testcase": 0.6709816612729234,
        "f1_testcase": 0.6653997323738222
    }
}