{
    "dataset1": {
        "precision_testcase": 0.9509177972865124,
        "recall_testcase": 0.982740021574973,
        "f1_testcase": 0.9665670601136641
    }
}