{
    "dataset6": {
        "precision_testcase": 0.7520661157024794,
        "recall_testcase": 0.6372549019607843,
        "f1_testcase": 0.6899166034874906
    }
}