{
    "dataset6": {
        "precision_testcase": 0.9305555555555556,
        "recall_testcase": 0.8735294117647059,
        "f1_testcase": 0.9011412009781723
    }
}