{
    "dataset6": {
        "precision_testcase": 0.7671009771986971,
        "recall_testcase": 0.7696078431372549,
        "f1_testcase": 0.7683523654159871
    }
}