{
    "dataset2": {
        "precision_testcase": 0.3840682788051209,
        "recall_testcase": 0.4484641638225256,
        "f1_testcase": 0.4137757297756878
    }
}