{
    "dataset4": {
        "precision_testcase": 0.8102189781021898,
        "recall_testcase": 0.9809384164222874,
        "f1_testcase": 0.8874428609841356
    }
}