{
    "dataset1": {
        "precision_testcase": 0.5326633165829145,
        "recall_testcase": 0.686084142394822,
        "f1_testcase": 0.5997171145685997
    }
}