{
    "dataset5": {
        "precision_testcase": 0.9558139534883721,
        "recall_testcase": 0.9683225341972642,
        "f1_testcase": 0.9620275854507675
    }
}