{
    "dataset6": {
        "precision_testcase": 0.9077134986225895,
        "recall_testcase": 0.9058823529411765,
        "f1_testcase": 0.9067970013492141
    }
}