{
    "dataset5": {
        "precision_testcase": 0.6559356136820925,
        "recall_testcase": 0.9776817854571634,
        "f1_testcase": 0.7851242307624097
    }
}