{
    "dataset3": {
        "precision_testcase": 0.8559160305343512,
        "recall_testcase": 0.6964285714285714,
        "f1_testcase": 0.7679794520547945
    }
}