{
    "dataset1": {
        "precision_testcase": 0.9644852354349561,
        "recall_testcase": 0.6289104638619202,
        "f1_testcase": 0.7613612325840181
    }
}