{
    "dataset1": {
        "precision_testcase": 0.7702702702702703,
        "recall_testcase": 0.3807982740021575,
        "f1_testcase": 0.5096440014690797
    }
}