{
    "dataset5": {
        "precision_testcase": 0.7987927565392354,
        "recall_testcase": 0.7638588912886969,
        "f1_testcase": 0.7809353418308227
    }
}