{
    "dataset3": {
        "precision_testcase": 0.6641221374045801,
        "recall_testcase": 0.5963345864661654,
        "f1_testcase": 0.6284055496264674
    }
}