{
    "dataset2": {
        "precision_testcase": 0.7289325842696629,
        "recall_testcase": 0.5447098976109215,
        "f1_testcase": 0.6234980365235967
    }
}