{
    "dataset3": {
        "precision_testcase": 0.2744323790720632,
        "recall_testcase": 0.39379699248120303,
        "f1_testcase": 0.32345374243827396
    }
}