{
    "dataset6": {
        "precision_testcase": 0.8875,
        "recall_testcase": 0.44901960784313727,
        "f1_testcase": 0.5963322941500092
    }
}