{
    "dataset4": {
        "precision_testcase": 0.2857142857142857,
        "recall_testcase": 0.3812316715542522,
        "f1_testcase": 0.32663316582914576
    }
}